company_id,cluster_id,cluster_name,distance_from_centroid
0,0,High-Quality Compounders,1.0
1,1,Defensive Dividend Payers,1.0
2,2,Value Cyclicals,1.0
3,3,Distressed or Turnaround,1.0
4,4,Emerging Growth,1.0
5,0,High-Quality Compounders,1.0
6,1,Defensive Dividend Payers,1.0
7,2,Value Cyclicals,1.0
8,3,Distressed or Turnaround,1.0
9,4,Emerging Growth,1.0
10,0,High-Quality Compounders,1.0
11,1,Defensive Dividend Payers,1.0
12,2,Value Cyclicals,1.0
13,3,Distressed or Turnaround,1.0
14,4,Emerging Growth,1.0
15,0,High-Quality Compounders,1.0
16,1,Defensive Dividend Payers,1.0
17,2,Value Cyclicals,1.0
18,3,Distressed or Turnaround,1.0
19,4,Emerging Growth,1.0
20,0,High-Quality Compounders,1.0
21,1,Defensive Dividend Payers,1.0
22,2,Value Cyclicals,1.0
23,3,Distressed or Turnaround,1.0
24,4,Emerging Growth,1.0
25,0,High-Quality Compounders,1.0
26,1,Defensive Dividend Payers,1.0
27,2,Value Cyclicals,1.0
28,3,Distressed or Turnaround,1.0
29,4,Emerging Growth,1.0
30,0,High-Quality Compounders,1.0
31,1,Defensive Dividend Payers,1.0
32,2,Value Cyclicals,1.0
33,3,Distressed or Turnaround,1.0
34,4,Emerging Growth,1.0
35,0,High-Quality Compounders,1.0
36,1,Defensive Dividend Payers,1.0
37,2,Value Cyclicals,1.0
38,3,Distressed or Turnaround,1.0
39,4,Emerging Growth,1.0
40,0,High-Quality Compounders,1.0
41,1,Defensive Dividend Payers,1.0
42,2,Value Cyclicals,1.0
43,3,Distressed or Turnaround,1.0
44,4,Emerging Growth,1.0
45,0,High-Quality Compounders,1.0
46,1,Defensive Dividend Payers,1.0
47,2,Value Cyclicals,1.0
48,3,Distressed or Turnaround,1.0
49,4,Emerging Growth,1.0
50,0,High-Quality Compounders,1.0
51,1,Defensive Dividend Payers,1.0
52,2,Value Cyclicals,1.0
53,3,Distressed or Turnaround,1.0
54,4,Emerging Growth,1.0
55,0,High-Quality Compounders,1.0
56,1,Defensive Dividend Payers,1.0
57,2,Value Cyclicals,1.0
58,3,Distressed or Turnaround,1.0
59,4,Emerging Growth,1.0
60,0,High-Quality Compounders,1.0
61,1,Defensive Dividend Payers,1.0
62,2,Value Cyclicals,1.0
63,3,Distressed or Turnaround,1.0
64,4,Emerging Growth,1.0
65,0,High-Quality Compounders,1.0
66,1,Defensive Dividend Payers,1.0
67,2,Value Cyclicals,1.0
68,3,Distressed or Turnaround,1.0
69,4,Emerging Growth,1.0
70,0,High-Quality Compounders,1.0
71,1,Defensive Dividend Payers,1.0
72,2,Value Cyclicals,1.0
73,3,Distressed or Turnaround,1.0
74,4,Emerging Growth,1.0
75,0,High-Quality Compounders,1.0
76,1,Defensive Dividend Payers,1.0
77,2,Value Cyclicals,1.0
78,3,Distressed or Turnaround,1.0
79,4,Emerging Growth,1.0
80,0,High-Quality Compounders,1.0
81,1,Defensive Dividend Payers,1.0
82,2,Value Cyclicals,1.0
83,3,Distressed or Turnaround,1.0
84,4,Emerging Growth,1.0
85,0,High-Quality Compounders,1.0
86,1,Defensive Dividend Payers,1.0
87,2,Value Cyclicals,1.0
88,3,Distressed or Turnaround,1.0
89,4,Emerging Growth,1.0
90,0,High-Quality Compounders,1.0
91,1,Defensive Dividend Payers,1.0
