metric,p10,p25,p50,p75,p90,mean,std
return_on_equity_pct,-1.2949268821489797,7.55726050386447,16.950713025352865,21.875289622452378,26.288719257671865,25.440857824874467,103.25615647171112
operating_profit_margin_pct,12.858562737561693,16.592432186540194,19.522003867663926,22.62805179236526,26.030984668248106,19.654986883749718,5.201070723696368
net_profit_margin_pct,3.940968950120639,6.2513933854046355,9.4802626678281,12.693575204036854,15.434022953216123,9.695205983557369,4.83621853366349
debt_to_equity,0.2702795246311117,0.570879848458375,1.041630167202189,1.5419522001192207,1.877418220010578,1.0463660426360104,0.571809031722778
interest_coverage,2.5679797445841523,3.560266336421106,5.057419702054224,6.416720558629808,6.95971053570961,4.988694683141278,1.8828429290465292
asset_turnover,0.1751180672353399,0.5032271530115011,1.045732207409369,1.5272758467132173,1.7490081555544306,0.9974165546565901,0.5822531356990635
free_cash_flow_cr,-1275.4977263183132,-426.8410167628801,327.0378865817175,1096.1677311958852,1474.5533211957454,261.78032645151154,1046.280575965822
revenue_cagr_5yr,5.725979077128548,8.212856222182717,10.491614519365342,12.802351095626769,15.688314468726286,10.522127299855724,4.3909101737135074
pat_cagr_5yr,4.378541451603358,8.814350041656553,12.113302120936666,15.287220508215174,20.515854943894293,12.354638176490191,5.743041390309229
stock_pe,8.148477143432304,13.655709401805968,18.59423004842808,25.767398832972475,31.886342907369563,19.55962335060992,9.586215387997543
